371776.101562 | -212866.343750 | -447215.562500 | 466038.875000 | -282757.625000 | 253367.750000 | -461775.500000 | 885569.250000 | -1436203.000000 | 1947767.250000 | -2218521.125000 | 2036683.875000 | -1245491.750000 | -196243.250000 | 2162459.000000 | -4335968.000000 | 6220118.000000 | -7282937.000000 | 7062819.500000 | -5413065.500000 | 2617718.250000 | 595188.000000 | -3251185.000000 | 4492731.000000 | -4030670.000000 | 2348404.437500 | -599121.500000 | 64232.875000 | -1458694.250000 | 4455495.000000 | -7743204.000000 | 9736152.000000 | -9457082.000000 | 7072884.000000 | -3791838.000000 | 1105866.250000 | 43272.000000 | 259410.000000 | -1157768.500000 | 1649626.000000 | -1219589.000000 | 59559.750000 | 1187105.750000 | -1858635.000000 | 1627655.500000 | -626239.000000 | -707098.500000 | 1858590.000000 | -2476812.750000 | 2461743.000000 | -1942386.375000 | 1180621.375000 | -456819.062500 | -20878.000000 | 155403.218750 | 30437.375000 | -432926.375000 | 907456.500000 | -1308890.500000 | 1526114.250000 | -1500741.750000 | 1234874.000000 | -774263.000000 | 198018.375000 | 460282.437500 | -405968.906250
293789.788758 | -171990.508399 | -319871.847030 | 290867.269942 | -130944.414544 | 106526.064653 | -253735.135562 | 554610.276633 | -946682.002964 | 1318312.203634 | -1529376.455988 | 1440662.155140 | -942381.120174 | 2417.181889 | 1300161.214795 | -2759573.520361 | 4046004.638122 | -4798524.214907 | 4720128.459338 | -3689362.291429 | 1889605.922856 | 214841.789975 | -1981182.047770 | 2854828.667590 | -2628528.754840 | 1600419.848596 | -489387.713041 | 100524.773215 | -870854.366999 | 2588809.655208 | -4452577.893601 | 5520519.894607 | -5230908.933706 | 3741004.088252 | -1875618.907680 | 479715.598056 | -55850.298702 | 436086.456972 | -1033094.200161 | 1218795.535586 | -753692.077499 | -153118.893565 | 1030873.280952 | -1428419.531834 | 1163330.691744 | -376087.818797 | -607291.712495 | 1420823.989401 | -1833598.235662 | 1786607.131608 | -1383731.450728 | 811434.005774 | -271594.322832 | -88261.626000 | 204253.671850 | -90372.024977 | -180264.520817 | 505255.068918 | -784738.037864 | 944077.823112 | -941903.530827 | 775310.078451 | -476574.134565 | 96592.912746 | 349996.883204 | -295971.083637
96282.074100 | -65435.975155 | -29014.112581 | -59742.267100 | 120695.738336 | -123689.821454 | 115641.136936 | -98916.598893 | 70601.792230 | -27142.659501 | -32975.052388 | 108511.248865 | -193642.092494 | 279458.884462 | -349993.101202 | 389034.084107 | -375637.809586 | 301708.905833 | -160929.637695 | -23590.054913 | 218202.997604 | -374103.062618 | 435083.251001 | -376352.189093 | 196545.903872 | 27523.180679 | -181222.968322 | 128276.646489 | 214249.237802 | -830783.163090 | 1552532.855340 | -2126809.808647 | 2337466.263045 | -2051777.579533 | 1375719.916971 | -557126.374982 | -128496.404697 | 472612.485862 | -447892.447403 | 176633.151112 | 154575.276126 | -382292.505893 | 432048.477521 | -321948.497427 | 119899.592084 | 80589.194102 | -224193.140929 | 283443.653348 | -263164.701497 | 187645.636347 | -85541.116834 | -15898.023245 | 100733.529311 | -165896.554709 | 205867.483510 | -226331.409252 | 231872.480766 | -223783.184700 | 206433.004800 | -181255.105953 | 153637.672804 | -123500.746878 | 95440.761546 | -73064.916437 | 69745.644617 | -37769.033682
2274.021065 | -6615.426556 | 40059.800594 | -61046.386744 | 30091.812854 | -19846.891544 | 50296.319736 | -93975.870734 | 140325.990451 | -176348.806474 | 187749.080037 | -158947.025931 | 81063.931472 | 45347.229830 | -210156.286007 | 380498.852912 | -522689.411001 | 595969.387287 | -560990.047862 | 420305.503238 | -194528.418737 | -56090.971295 | 254540.092924 | -338430.061141 | 287024.441555 | -146475.237420 | 9158.579523 | 23295.976451 | 105043.233489 | -361656.713930 | 643340.053247 | -827776.549270 | 818030.371536 | -644108.911069 | 394923.262187 | -183168.079002 | 86492.437948 | -94460.302769 | 142658.286393 | -152492.594845 | 87303.620525 | 26417.777234 | -137121.160790 | 184800.415851 | -148888.482782 | 40200.666977 | 94782.245095 | -210838.887157 | 275847.273479 | -282558.799112 | 237911.762818 | -166432.118364 | 97287.086459 | -46922.888409 | 22556.945717 | -26065.921258 | 50076.418939 | -82328.515896 | 109890.361859 | -125161.010531 | 121470.208761 | -99150.541570 | 61309.648105 | -14628.187968 | -38743.514306 | 33789.947583
-4628.547172 | 6661.524133 | -5772.216084 | 24875.735276 | -41966.931815 | 32535.793280 | -32377.576734 | 50592.784369 | -70487.600903 | 82577.964690 | -78957.644092 | 52372.864737 | 917.548630 | -79206.512893 | 172866.440102 | -264688.291778 | 332345.030861 | -349443.944580 | 303133.469471 | -189069.966748 | 29926.681762 | 133882.849845 | -249153.518365 | 277937.514861 | -211969.775050 | 86708.711207 | 22885.618756 | -34013.653444 | -104476.695150 | 372077.424506 | -682833.745035 | 906677.476586 | -949098.775603 | 774035.960080 | -471737.680214 | 147617.586839 | 78356.093623 | -155104.408989 | 102603.261706 | 5745.310623 | -99707.209832 | 136201.444680 | -113224.312541 | 55643.769228 | 505.812740 | -35931.680724 | 44707.614432 | -33717.084118 | 15460.191679 | 911.816544 | -10092.431555 | 15688.134134 | -18988.948163 | 27286.665828 | -40351.553819 | 58301.281654 | -78311.401028 | 95338.976923 | -106130.582079 | 108311.295993 | -99123.530425 | 80917.306616 | -55482.445249 | 27661.125870 | -1874.766721 | -5024.052866
-2370.422305 | 4589.524051 | -4817.935041 | 4194.479901 | 7048.116878 | -15102.251209 | 3778.572191 | 4770.109450 | -3939.897217 | 1768.883649 | -460.712561 | 1310.313700 | -5383.684999 | 12481.399078 | -22149.771198 | 31786.737809 | -37835.481196 | 38134.864559 | -29905.153578 | 13504.511678 | 10016.802362 | -33498.576043 | 50812.453723 | -53693.928380 | 42191.689880 | -20237.871910 | -322.044905 | 4322.873403 | 19600.217368 | -69627.938530 | 130423.447448 | -175142.635929 | 188351.595168 | -153093.856133 | 81892.372912 | -1218.130617 | -60856.012125 | 83694.011877 | -68182.146478 | 24296.482339 | 23210.986758 | -55316.797940 | 63376.777587 | -50694.094982 | 21672.299204 | 10780.505131 | -38111.352088 | 54635.906087 | -60684.852923 | 56506.240917 | -45512.444776 | 33558.618454 | -19936.222486 | 7196.893794 | 2122.996772 | -9531.583120 | 14305.671376 | -16834.942449 | 17382.450559 | -16644.733119 | 14697.085927 | -11731.492804 | 9021.804380 | -6494.203719 | 5619.467465 | -2889.667221
-318.339418 | 327.915843 | 522.953368 | -1624.802620 | 2392.076141 | 3214.230830 | -5681.938463 | -6176.136488 | 17022.527554 | -19896.241965 | 19254.562156 | -14587.721462 | 6108.650405 | 6073.865473 | -19905.724153 | 33713.216693 | -43937.847066 | 46426.380537 | -39679.308027 | 25123.465311 | -4825.490383 | -16133.617245 | 31380.136215 | -35560.631368 | 28196.052203 | -14394.325560 | 2389.018746 | -408.382280 | 14018.939207 | -38974.348280 | 65203.090398 | -79738.499849 | 79420.295361 | -62674.586899 | 31801.711359 | -5061.366982 | -10147.152893 | 11687.807327 | -4630.011588 | -5121.405667 | 10802.908561 | -12032.255624 | 7071.815722 | -2690.960918 | 326.111787 | -24.146818 | 1247.696624 | -3402.919295 | 3578.243463 | -3094.656883 | 812.418537 | 1671.366318 | -2673.848677 | 2522.194670 | -902.326722 | -2292.962393 | 6083.933593 | -9875.121615 | 12381.634535 | -13652.811087 | 12826.941048 | -10234.827944 | 6399.376025 | -2206.889638 | -2474.614062 | 2421.807196
145.639817 | -25.372774 | -571.473582 | 1462.207960 | -2798.134011 | 3872.744986 | -175.784599 | -1585.638531 | -6580.922610 | 13555.562172 | -13365.447331 | 9838.271779 | -3054.141694 | -6715.801932 | 17675.470262 | -28813.921099 | 36447.522959 | -38631.634585 | 33664.274324 | -21278.595427 | 3838.519074 | 14001.570404 | -27339.780367 | 30955.505460 | -24596.126590 | 11122.143296 | 2043.156013 | -6211.210989 | -3222.435180 | 25418.144972 | -52307.913757 | 73071.375133 | -76495.843439 | 61632.511916 | -34065.768589 | 3706.144220 | 17203.965821 | -23521.609921 | 16761.751213 | -2983.730170 | -9781.449159 | 16681.449176 | -16961.286759 | 11579.655724 | -4261.871026 | -2149.024280 | 6583.908539 | -8358.289942 | 8513.825548 | -8170.361688 | 7011.310386 | -5571.780046 | 4151.600242 | -1912.395759 | -537.061398 | 3237.631143 | -6009.785329 | 8039.080686 | -9596.935984 | 9906.700210 | -8993.876214 | 7091.306681 | -4643.674888 | 1765.934028 | 1215.796846 | -1336.088508
622.693084 | -1137.243807 | 1191.668222 | -1676.437758 | 2369.202578 | -3314.833083 | 3800.798414 | -368.577717 | -2224.091095 | -2435.885559 | 6036.742395 | -4481.121057 | 840.213512 | 4551.344097 | -10466.997297 | 16416.175349 | -20808.469037 | 22312.495032 | -19526.275063 | 13142.177993 | -4268.125577 | -4968.311770 | 11481.502026 | -13259.991767 | 9190.166086 | -1404.188164 | -6230.942449 | 9323.685573 | -4950.227689 | -6411.984705 | 20817.692522 | -31414.652930 | 33993.975651 | -27684.008047 | 13848.184125 | 227.337225 | -9697.266382 | 11733.855678 | -7057.007455 | -658.400773 | 7235.816846 | -10542.450019 | 9520.855783 | -6290.105413 | 2418.379919 | 834.425630 | -2375.362782 | 2691.658793 | -2204.585323 | 1118.851706 | -516.894876 | -52.579450 | 687.226222 | -1208.021043 | 1902.829603 | -2723.021189 | 3628.081258 | -4406.295507 | 4775.494527 | -4740.418951 | 4349.476754 | -3455.509521 | 2211.295024 | -900.788497 | -459.774063 | 563.379488
321.288290 | -506.837226 | 346.689008 | -200.587766 | -34.351264 | 310.391484 | -641.296770 | 636.946890 | 2395.445592 | -4617.354894 | 770.615284 | 2753.188322 | -2727.588378 | 1708.592742 | 30.247409 | -2170.965039 | 3992.778817 | -5434.315632 | 5880.370276 | -5067.341959 | 3148.176708 | -732.505155 | -1500.806229 | 2894.690865 | -2903.703294 | 1739.592783 | -73.823684 | -1195.828110 | 1701.941162 | -1229.120421 | 287.698574 | -114.587302 | 487.585210 | -1827.891314 | 2815.927914 | -3272.528313 | 2473.588061 | -244.298084 | -2567.298317 | 5221.983856 | -6794.999665 | 7042.253742 | -6587.472678 | 5295.631795 | -3720.631258 | 2606.548944 | -1801.210050 | 1235.447154 | -845.978980 | 465.625448 | -5.291020 | -199.329651 | 456.435879 | -540.232995 | 470.725352 | -254.759401 | 1.620115 | 289.565952 | -569.243589 | 707.014710 | -739.904917 | 592.618065 | -449.629216 | 182.253473 | 113.556173 | -121.846217
-536.799222 | 883.082156 | -614.416097 | 509.198303 | -411.139695 | 246.742117 | -5.250792 | -189.394518 | 86.599447 | 2483.797336 | -4312.497355 | 1035.847971 | 2216.842115 | -2773.875497 | 2738.726695 | -2199.964069 | 1268.003576 | -122.388022 | -955.427947 | 1769.692670 | -2000.401877 | 1578.877139 | -573.131844 | -994.879382 | 2567.280800 | -3727.905386 | 4118.715377 | -3578.511956 | 2394.652243 | -852.387264 | -549.537976 | 971.422224 | -1310.028399 | 868.573545 | 165.724183 | -1406.268566 | 2427.210436 | -3195.312502 | 3438.329625 | -3292.750059 | 2751.223625 | -1976.494863 | 1066.958998 | -542.889341 | 295.328131 | -225.160852 | 342.526078 | -483.833625 | 641.817894 | -641.957784 | 659.769701 | -412.026740 | 272.607134 | -113.741034 | -32.690736 | 128.971996 | -192.283324 | 202.059155 | -193.563853 | 141.516403 | -65.626938 | -30.949111 | 117.672900 | -217.177880 | 411.916924 | -262.501453
-62.714554 | 181.796661 | -358.371102 | 658.593151 | -1050.971003 | 1551.860860 | -2054.259149 | 2526.654310 | -2822.058954 | 2518.097397 | 284.978265 | -3026.439818 | 1962.505558 | -1247.559605 | 2852.412106 | -4687.533551 | 6118.117807 | -6558.082828 | 5716.801302 | -3674.217383 | 721.966933 | 2447.030885 | -4925.891692 | 5865.409983 | -5070.419050 | 3271.361150 | -1847.589445 | 2492.125879 | -6294.312267 | 12841.720217 | -20341.726436 | 25487.790600 | -26702.250312 | 23023.783115 | -15810.574934 | 8085.362871 | -2251.661395 | -865.595219 | 1587.371010 | -1713.636873 | 2192.450240 | -3337.071382 | 4876.545922 | -5990.130242 | 5977.037348 | -4918.050543 | 3005.563452 | -832.260662 | -1031.217363 | 2370.361700 | -2938.105078 | 3123.957992 | -2892.258424 | 2544.426543 | -2264.885164 | 2102.759985 | -2063.700907 | 2086.673500 | -2114.245721 | 2055.586207 | -1899.430003 | 1608.891765 | -1245.868157 | 905.762850 | -728.136827 | 363.611441
252.976821 | -475.315804 | 506.857839 | -691.938413 | 979.663180 | -1292.063519 | 1663.365175 | -1989.740637 | 2151.037221 | -2123.979784 | 1533.623625 | 1130.344698 | -3666.796588 | 2744.474041 | -1800.473547 | 2488.274559 | -2996.762507 | 3118.772899 | -2593.455713 | 1258.385948 | 487.413645 | -2095.971570 | 2978.760063 | -2770.001342 | 1584.010135 | -76.432674 | -586.818988 | -893.074599 | 4959.300789 | -11077.004779 | 17288.625469 | -21772.253993 | 22349.560107 | -18877.712425 | 13222.648043 | -6994.407497 | 2121.950355 | 530.440965 | -1680.874999 | 1901.023593 | -2290.624662 | 3152.108826 | -3867.840166 | 4183.766166 | -3852.770516 | 2668.505735 | -1120.602903 | -430.012660 | 1661.432518 | -2385.721961 | 2669.876184 | -2482.653151 | 2152.440815 | -1806.936750 | 1519.271060 | -1357.875197 | 1293.834785 | -1310.884071 | 1293.775697 | -1261.760713 | 1133.751244 | -948.559558 | 726.314483 | -466.302401 | 295.505161 | -115.417499
0.912090 | -10.694386 | 23.683405 | -63.955051 | 162.016064 | -265.322416 | 418.972066 | -554.698823 | 575.831716 | -529.048552 | 251.770647 | 49.283948 | 885.836384 | -1234.048026 | -1694.333291 | 4641.794546 | -5593.445989 | 5737.456981 | -5103.308141 | 3473.308164 | -1213.570114 | -1165.024219 | 3107.787633 | -4063.934560 | 3901.767989 | -2693.413174 | 968.213175 | 376.327581 | -815.396314 | 19.619382 | 1543.308506 | -3354.876795 | 4366.945398 | -3753.875931 | 2587.462581 | -721.452584 | -651.196917 | 1021.659284 | -695.594280 | -279.249430 | 988.086185 | -1046.496432 | 775.889858 | -99.948688 | -607.336440 | 908.960033 | -936.786131 | 717.822892 | -432.675198 | 122.552213 | 79.778344 | -151.702341 | 181.877829 | -240.023936 | 351.537433 | -509.889108 | 706.045709 | -916.334713 | 1031.708949 | -1095.155521 | 1022.254450 | -866.587986 | 664.491320 | -410.031834 | 217.161570 | -69.463213
-177.075127 | 327.138844 | -357.819856 | 505.876363 | -706.466102 | 980.499157 | -1246.858294 | 1459.970484 | -1564.081923 | 1369.748618 | -910.821464 | 60.287813 | 994.759958 | -1054.452715 | 1589.576941 | -4677.403299 | 7366.895010 | -7740.984892 | 6566.719141 | -4340.229260 | 1384.087866 | 1660.104176 | -3898.329582 | 4772.487867 | -3984.712528 | 2174.082232 | -538.514818 | 270.911734 | -2304.900443 | 6346.528956 | -11002.771693 | 14390.968499 | -14922.797030 | 12948.641665 | -8406.770194 | 4114.205515 | -1029.830686 | -200.183193 | -123.977746 | 627.423146 | -787.511798 | 310.817596 | 772.573254 | -1535.821644 | 1689.905361 | -1222.199442 | 207.317924 | 931.072655 | -1937.309241 | 2416.346191 | -2535.291414 | 2306.914587 | -1959.352575 | 1609.193295 | -1356.807665 | 1284.270932 | -1326.956351 | 1412.972479 | -1523.262355 | 1511.773441 | -1414.552524 | 1174.088929 | -827.268423 | 469.480383 | -167.657383 | 23.168153
121.325834 | -239.260690 | 282.393374 | -394.630264 | 552.978193 | -701.003406 | 836.881070 | -913.259173 | 877.446882 | -746.292125 | 389.778838 | 122.800265 | -785.876926 | 1370.885895 | -740.449810 | 342.324552 | -2093.205201 | 3463.330002 | -3280.367778 | 2279.733115 | -876.274881 | -460.391725 | 1404.587796 | -1568.383738 | 1133.095293 | -425.264927 | 67.625085 | -764.096377 | 2611.008896 | -5158.429026 | 7610.162325 | -8731.529659 | 8275.194764 | -5811.980649 | 3389.572087 | -1049.090699 | 62.180841 | -181.505946 | 659.320586 | -1050.246306 | 707.399206 | 184.239196 | -974.090073 | 1522.544683 | -1385.276288 | 609.074709 | 474.029722 | -1566.224875 | 2286.277770 | -2743.501346 | 2703.143267 | -2437.711908 | 1984.249501 | -1528.031662 | 1177.938167 | -905.517346 | 757.025402 | -697.088106 | 638.464240 | -613.238132 | 526.766296 | -423.764737 | 292.090307 | -137.266596 | -18.622176 | 46.463653
1.042749 | 19.169847 | -67.377302 | 135.022351 | -197.154045 | 264.500812 | -312.170347 | 339.142980 | -327.185071 | 233.800052 | -110.961424 | -98.983877 | 347.428403 | -612.332154 | 740.694313 | 356.282602 | -1317.052356 | 157.221842 | 749.251029 | -525.119080 | 127.101136 | 258.470909 | -395.652705 | 334.623240 | -33.032426 | -201.884043 | 39.717054 | 653.566027 | -1872.210435 | 3291.605958 | -4173.617391 | 4339.115794 | -3378.428846 | 2286.603086 | -773.334096 | 179.640405 | -107.242941 | 432.674654 | -757.675554 | 552.406473 | 14.578894 | -764.504654 | 1477.686096 | -1643.525542 | 1383.207599 | -787.664756 | 74.659414 | 520.330056 | -968.603570 | 1038.261121 | -984.839748 | 742.289331 | -502.124131 | 287.057862 | -107.010966 | 33.473683 | -8.116897 | 18.173835 | -63.715163 | 77.697074 | -96.955258 | 72.808984 | -26.120236 | -40.429441 | 125.842390 | -90.286016
-102.871252 | 174.374286 | -134.738664 | 134.992626 | -136.453908 | 138.032502 | -127.684111 | 114.928931 | -92.814915 | 57.466932 | -44.266331 | 20.822227 | -15.212579 | 3.815102 | 56.588274 | -210.461591 | 1363.061301 | -2384.483698 | 1305.012180 | -212.262992 | 137.875752 | -183.446817 | 245.214832 | -182.589373 | 108.058279 | -17.414270 | -12.623420 | -164.220889 | 589.324685 | -1183.627089 | 1955.653614 | -2517.716383 | 2948.533490 | -2670.780232 | 2276.335065 | -1450.610051 | 681.035079 | -54.167051 | -365.676256 | 465.549577 | -425.373511 | 305.999501 | -133.805921 | 130.226148 | -215.174076 | 409.329936 | -658.523860 | 896.094420 | -1125.332839 | 1209.564418 | -1235.232905 | 1134.563061 | -992.887486 | 813.869199 | -604.584576 | 426.586897 | -266.555895 | 143.696662 | -62.668797 | 4.032006 | 12.359924 | -16.400107 | 7.612239 | 6.205223 | -34.959343 | 23.814484
134.375062 | -234.465184 | 219.213722 | -269.296820 | 350.247276 | -451.476447 | 562.330491 | -654.668189 | 705.647355 | -681.431875 | 548.484152 | -308.067832 | -62.276757 | 537.223630 | -1038.766532 | 1524.393945 | -1982.242888 | 3025.713954 | -3573.556196 | 1968.663781 | -112.690047 | -788.416135 | 1275.062858 | -1256.033132 | 905.135877 | -422.876552 | 144.622453 | -357.382654 | 1079.035682 | -1989.019688 | 2654.044944 | -2648.270932 | 2075.370832 | -992.379534 | 128.493817 | 138.714467 | 233.431580 | -892.032716 | 1316.936857 | -1181.437391 | 466.707294 | 510.943175 | -1284.438898 | 1545.268189 | -1167.226195 | 302.889924 | 748.896818 | -1679.649428 | 2282.040844 | -2463.210693 | 2304.141468 | -1912.856991 | 1421.745073 | -964.692633 | 619.631313 | -407.790098 | 320.458623 | -307.621718 | 338.057204 | -359.036305 | 342.431334 | -276.176974 | 175.939078 | -51.445119 | -94.824916 | 84.163989
-62.063994 | 109.995454 | -99.374457 | 121.870721 | -176.392475 | 248.458751 | -331.246769 | 413.973598 | -476.286442 | 501.419473 | -445.600651 | 284.333247 | -26.849554 | -288.268353 | 647.201708 | -987.904801 | 1188.211177 | -1308.572568 | 2044.624222 | -2312.350531 | 719.048498 | 890.733815 | -1408.534204 | 1449.315297 | -1053.505606 | 507.121458 | -155.174561 | 288.059422 | -960.721207 | 1936.603109 | -2842.468328 | 3162.961643 | -2713.043756 | 1784.090294 | -969.367564 | 360.256278 | -330.374180 | 627.976610 | -871.483454 | 813.125362 | -311.122926 | -392.420840 | 936.597651 | -1141.448603 | 893.758975 | -328.046623 | -357.730365 | 954.933079 | -1261.497454 | 1356.259682 | -1160.832035 | 858.630364 | -536.699836 | 263.303892 | -106.688037 | 46.332668 | -71.394468 | 154.707311 | -226.049747 | 283.386982 | -283.540071 | 244.400271 | -146.990781 | 16.640200 | 140.992745 | -115.698975
-39.845635 | 75.655736 | -79.065259 | 99.239212 | -142.129348 | 183.400470 | -221.795760 | 249.579218 | -256.240473 | 249.667073 | -182.814850 | 61.220777 | 116.989772 | -311.452492 | 545.754596 | -820.631434 | 1003.115741 | -1095.046632 | 1071.276254 | -58.100389 | -927.656916 | 378.851091 | 237.333975 | -87.995839 | -61.301203 | 120.408476 | -75.888590 | -19.532563 | 120.705245 | -198.930164 | 75.484781 | 72.028065 | -272.012230 | 340.125936 | -605.032117 | 482.301651 | -363.165377 | 224.230422 | -70.485027 | 54.671128 | 1.781538 | -57.947482 | 8.049940 | 0.346503 | -63.170569 | 164.427354 | -312.720329 | 498.336528 | -593.726442 | 737.030391 | -746.109103 | 723.162881 | -662.020612 | 549.678801 | -453.114822 | 344.457446 | -251.958834 | 193.198048 | -131.257749 | 107.884629 | -78.989312 | 82.333174 | -84.165073 | 92.149120 | -128.244284 | 77.791760
91.260322 | -153.698305 | 127.930389 | -146.900467 | 167.180798 | -205.727348 | 248.965854 | -290.363037 | 331.937907 | -329.607991 | 323.436358 | -269.064733 | 170.286477 | 18.232513 | -251.552118 | 471.138339 | -765.341369 | 1017.081714 | -1054.776059 | 1002.558848 | -113.903330 | -751.624377 | 231.581758 | 334.659713 | -166.286686 | -78.659847 | 243.495812 | -207.894189 | -69.916060 | 536.363228 | -1260.310555 | 1860.175326 | -2248.254473 | 1964.567065 | -1539.121752 | 501.385100 | 428.301240 | -975.930854 | 1053.538152 | -515.023671 | -175.104949 | 745.132558 | -1102.078463 | 939.217520 | -411.675962 | -304.005930 | 1000.962225 | -1488.358248 | 1783.089675 | -1718.502878 | 1508.079585 | -1167.886451 | 775.232726 | -454.118380 | 183.545731 | -17.238270 | -65.767833 | 102.737185 | -77.737476 | 64.162110 | -26.718764 | 26.711002 | -41.413697 | 63.624360 | -115.375353 | 75.382475
-38.718142 | 53.660985 | -8.038263 | -38.394388 | 72.122339 | -113.152302 | 144.252900 | -151.908146 | 148.434352 | -73.174222 | -21.563013 | 182.144566 | -375.332828 | 612.261312 | -821.429694 | 896.932149 | -914.149065 | 741.505116 | -273.778110 | -199.058699 | 627.741823 | -277.605740 | -134.769566 | -533.531624 | 928.761889 | -480.683722 | 7.939997 | 122.532998 | 366.512021 | -1557.157141 | 3020.644743 | -4402.298170 | 4982.904258 | -4839.201090 | 3433.110276 | -1843.990808 | 313.848060 | 681.367469 | -854.654577 | 600.801394 | -41.385418 | -462.812322 | 536.199307 | -368.140082 | -2.174381 | 432.052152 | -751.881060 | 916.669409 | -838.064440 | 693.681390 | -438.407052 | 154.615774 | 58.948008 | -253.570364 | 364.163687 | -421.297920 | 436.629674 | -403.516401 | 377.378975 | -315.432825 | 283.667205 | -234.793297 | 188.132438 | -176.208924 | 211.120222 | -123.617814
-15.570023 | 38.783759 | -59.893803 | 89.517894 | -130.896740 | 160.148160 | -180.750926 | 196.733953 | -170.038308 | 157.152985 | -100.629863 | 49.479747 | 12.104920 | -52.495418 | 70.164633 | -116.594307 | 54.035147 | 22.570704 | -38.313343 | 173.491060 | -284.056778 | 311.914294 | 377.072706 | -997.145205 | 300.429805 | 345.501725 | -267.022318 | 72.301125 | 116.622357 | -271.006480 | 222.485460 | -63.497786 | -324.932028 | 463.513739 | -863.927749 | 897.140329 | -798.299690 | 600.280875 | -213.906488 | -55.203550 | 309.320948 | -498.126605 | 443.923355 | -320.833314 | 112.354814 | 159.051725 | -394.047443 | 575.337823 | -634.329718 | 661.929390 | -612.181343 | 480.402530 | -380.813648 | 250.699274 | -146.850588 | 70.457571 | -12.585955 | -6.592753 | 35.670531 | -25.826349 | 39.739784 | -33.379110 | 9.816134 | -4.592494 | -7.044218 | 6.728754
0.653001 | 3.922689 | -14.670319 | 31.548827 | -61.111489 | 93.828466 | -127.101136 | 163.049565 | -149.761836 | 125.674252 | -32.041988 | -110.196436 | 310.802533 | -550.027618 | 775.340818 | -1007.071425 | 1078.062499 | -1029.520112 | 878.180917 | -513.978439 | 98.721611 | 304.852910 | -592.955156 | 1251.237390 | -1621.464704 | 593.974103 | 311.587912 | -120.006982 | -780.742609 | 2155.507796 | -3668.485467 | 4745.603127 | -5039.654247 | 4127.005200 | -2788.993613 | 1136.105715 | 104.166323 | -626.451764 | 601.155539 | -146.597033 | -284.091266 | 428.285710 | -333.907859 | 4.249621 | 366.802656 | -628.961238 | 750.110518 | -724.800102 | 604.610488 | -398.025444 | 178.247026 | -32.944252 | -130.957519 | 239.052740 | -319.274018 | 381.910383 | -417.211992 | 447.162290 | -427.478919 | 410.114572 | -344.670817 | 273.086092 | -211.600676 | 139.166931 | -103.365184 | 48.207604
1.276911 | -12.614007 | 39.569688 | -74.046011 | 113.758736 | -150.667719 | 185.811016 | -197.681139 | 208.846856 | -170.959530 | 96.389314 | 20.517141 | -179.857800 | 346.613726 | -537.879130 | 645.447998 | -713.803280 | 658.965939 | -479.881065 | 267.048771 | -23.838579 | -144.997592 | 213.086611 | -185.422835 | 580.945248 | -890.373012 | 143.274383 | 306.358500 | 294.068974 | -1388.254369 | 2602.223361 | -3515.153384 | 3822.893620 | -3571.334237 | 2611.470798 | -1567.297621 | 667.610961 | -119.889511 | -16.418743 | -22.637164 | 75.460281 | -69.386355 | -48.985815 | 203.481982 | -348.825369 | 414.281726 | -385.068829 | 266.763090 | -124.809162 | 5.276725 | 72.737757 | -168.786214 | 192.718998 | -207.805436 | 216.606520 | -222.077930 | 229.798566 | -221.038367 | 229.383971 | -206.697766 | 192.754844 | -164.729928 | 117.625689 | -81.295222 | 52.763283 | -23.563240
21.669472 | -31.264466 | 10.452017 | 7.271558 | -15.814834 | 29.357634 | -29.168791 | 29.930546 | -15.479286 | 6.124842 | -16.132637 | 26.286144 | -67.247857 | 105.770787 | -204.544624 | 281.747482 | -361.112338 | 393.072149 | -393.048557 | 320.733973 | -153.740406 | -82.296066 | 367.015889 | -608.705265 | 697.467459 | -122.886920 | -446.596890 | -111.764966 | 696.420863 | -695.826731 | 602.060071 | -379.001575 | 159.221018 | 57.444563 | -283.253362 | 350.631092 | -289.029705 | 101.554658 | 122.328989 | -311.969506 | 355.186798 | -298.902605 | 196.562470 | -70.670548 | -64.317152 | 118.339593 | -117.450619 | 41.098705 | 35.315193 | -109.963286 | 152.498838 | -212.554812 | 222.236160 | -211.776371 | 188.045936 | -167.630815 | 144.460366 | -114.415143 | 101.246977 | -75.576837 | 62.637810 | -50.994744 | 35.754761 | -23.743266 | 9.807527 | -5.210196
-30.589158 | 51.118087 | -45.424083 | 60.354491 | -76.631922 | 116.663778 | -149.698101 | 181.577466 | -198.646273 | 179.803432 | -144.851368 | 35.104413 | 113.006747 | -338.465717 | 541.261344 | -752.021564 | 918.919362 | -998.048224 | 870.144917 | -628.604573 | 272.129711 | 131.750263 | -482.672255 | 728.360146 | -782.911905 | 656.226948 | 55.565914 | -565.167784 | -292.433638 | 1413.601752 | -1974.990995 | 2367.684864 | -2296.726781 | 1946.464011 | -1314.828714 | 722.523886 | -344.269131 | 201.959276 | -281.393441 | 325.914581 | -323.040125 | 182.481402 | 89.475422 | -336.467782 | 429.717038 | -433.794124 | 322.442560 | -185.952826 | 13.611831 | 107.674990 | -194.540661 | 208.967521 | -201.438400 | 192.391855 | -194.506207 | 187.699115 | -196.596786 | 207.727619 | -212.099555 | 210.004856 | -189.924490 | 151.730620 | -99.745585 | 50.361590 | -13.201666 | -6.453841
8.066143 | -20.982945 | 30.172262 | -42.423626 | 70.972964 | -84.367043 | 109.079223 | -130.182297 | 131.224870 | -132.607704 | 79.932773 | -29.711881 | -61.383299 | 133.962823 | -254.803332 | 348.662091 | -376.902489 | 327.533257 | -321.913647 | 200.485527 | -56.185901 | -84.376840 | 200.990658 | -238.501307 | 255.754211 | -214.049599 | 170.859096 | 301.137817 | -557.485657 | -373.004909 | 1411.654769 | -1660.323676 | 1712.981900 | -1347.210944 | 974.494476 | -481.118140 | 94.234739 | 99.525499 | -214.258107 | 164.323639 | -161.871857 | 191.385712 | -189.905631 | 196.750235 | -247.854213 | 228.010634 | -187.744950 | 116.481010 | -99.642810 | 72.079336 | -80.741770 | 82.392964 | -70.124465 | 59.680709 | -47.381962 | 0.650297 | 38.453071 | -84.505175 | 108.714329 | -122.020860 | 114.141593 | -96.582542 | 74.772074 | -37.896676 | -6.180878 | 6.965700
18.329642 | -30.864627 | 17.420927 | -5.611219 | 10.561123 | -4.713619 | 13.636698 | -31.417568 | 36.773969 | -61.865266 | 48.739013 | -49.380678 | 18.120175 | -1.470242 | -72.179991 | 156.251722 | -207.796681 | 208.331923 | -293.558430 | 247.908438 | -157.610968 | 30.898398 | 115.892061 | -200.533640 | 229.488998 | -112.500740 | -66.719926 | 235.136976 | 129.843359 | -437.776358 | -173.198025 | 814.163139 | -685.485289 | 574.198203 | -214.153301 | 16.508342 | 153.595462 | -289.367539 | 299.781509 | -348.492641 | 299.116961 | -208.639908 | 156.413955 | -108.289348 | 20.693322 | 4.674636 | 7.646555 | -58.506662 | 66.471343 | -107.928074 | 110.761799 | -105.178113 | 108.650006 | -89.912256 | 57.982634 | -48.755552 | 27.240079 | -26.562311 | 9.299429 | -5.601126 | -4.654135 | 4.973307 | 1.612738 | 1.333198 | -15.451453 | 4.611286
-22.333413 | 33.778778 | -24.978892 | 30.755161 | -31.081578 | 46.378833 | -60.037447 | 67.432874 | -85.675115 | 75.338868 | -76.332253 | 38.895338 | 9.222349 | -104.220888 | 184.113160 | -254.080121 | 329.532840 | -401.755272 | 307.864918 | -230.608837 | 98.731198 | 57.119798 | -180.440314 | 257.311267 | -225.125725 | 125.549655 | 64.321391 | -254.922764 | 335.335917 | 230.624620 | -731.930878 | 291.163806 | 283.495841 | -181.440854 | 209.510355 | -75.894281 | -26.806403 | 96.020196 | -174.050110 | 115.428848 | -45.839392 | -35.972493 | 143.508850 | -204.258266 | 163.520539 | -97.077470 | 26.551512 | 22.156452 | -93.488672 | 92.190416 | -95.519932 | 81.729379 | -42.146974 | 23.618385 | -19.985179 | 12.770416 | -28.249036 | 29.329902 | -49.600099 | 52.742278 | -58.078570 | 44.325245 | -21.447039 | 0.319856 | 16.165250 | -18.406158
21.675644 | -40.221897 | 36.323239 | -38.220699 | 50.574020 | -60.070537 | 67.577706 | -79.459425 | 74.598778 | -73.571794 | 44.856117 | -13.623270 | -34.857379 | 76.599768 | -132.036641 | 194.772885 | -223.603345 | 195.533719 | -206.099118 | 133.328364 | -40.062981 | -53.350777 | 128.049893 | -148.895296 | 112.421627 | -17.203240 | -82.686116 | 159.577015 | -171.867268 | 94.642579 | 577.651210 | -1106.453974 | 599.045072 | 82.745304 | -85.674852 | 82.940324 | -21.947237 | -32.360536 | 4.953461 | 40.828432 | -159.091693 | 289.543221 | -347.637237 | 332.027595 | -261.863766 | 134.650634 | 12.969563 | -147.701335 | 198.192350 | -234.337009 | 200.489878 | -142.874748 | 97.397427 | -46.790264 | 17.004114 | -10.697535 | 9.709601 | -29.064987 | 37.111022 | -48.017064 | 42.723221 | -39.805717 | 27.703938 | -9.024313 | -17.424378 | 13.073547
-1.589741 | 2.331366 | -3.687216 | 6.893785 | -6.818352 | 2.092045 | 0.074008 | -12.466535 | 21.221257 | -33.227401 | 38.011715 | -38.724706 | 33.268158 | -20.094073 | 3.494626 | 33.282194 | -63.017139 | 77.487925 | -94.692175 | 85.747342 | -58.866662 | 19.394660 | 16.863344 | -48.450228 | 48.678218 | -39.286213 | 14.160183 | 7.366674 | -22.202447 | 47.204806 | -123.605070 | 730.158633 | -1236.599251 | 706.031262 | -71.265328 | -17.327520 | 30.877016 | -40.336246 | 54.602371 | -86.876545 | 109.942338 | -115.365147 | 109.610127 | -85.827499 | 58.790298 | -34.985780 | 11.616951 | -6.720099 | -9.946849 | -2.614237 | 0.530900 | 4.328657 | 2.150511 | 3.696687 | 0.510323 | -1.456132 | 1.026434 | -2.842203 | 4.531437 | -5.115180 | 0.136076 | -1.764868 | -1.576925 | 4.626079 | -8.669950 | 6.741254
-25.127031 | 40.262401 | -26.616019 | 21.097682 | -22.551386 | 20.243535 | -28.200204 | 32.636806 | -39.744331 | 52.103304 | -55.618237 | 62.150688 | -54.331755 | 50.468812 | -19.702731 | -9.456890 | 44.367621 | -59.825863 | 112.245516 | -119.753039 | 116.023833 | -103.533186 | 73.714335 | -61.320006 | 34.305647 | -39.916357 | 31.385204 | -40.816230 | 67.068307 | -147.375707 | 228.473960 | -426.211551 | 1071.716313 | -1597.433229 | 886.968456 | -114.856746 | -154.745977 | 267.304174 | -233.878550 | 130.794373 | 26.744705 | -164.893570 | 213.858267 | -174.719729 | 90.405635 | 26.884357 | -164.344741 | 262.253757 | -308.477465 | 302.319023 | -256.661857 | 201.134848 | -129.684040 | 72.973192 | -16.882229 | -14.267166 | 36.159094 | -38.862589 | 45.222934 | -39.949064 | 33.553683 | -28.894440 | 23.083209 | -23.790201 | 38.920998 | -20.532757
30.768010 | -48.616331 | 33.884252 | -30.265347 | 18.933238 | -13.340979 | -3.199375 | 19.183217 | -33.894750 | 53.425586 | -46.464711 | 40.482249 | -6.305893 | -19.261810 | 78.057120 | -134.367399 | 174.511552 | -146.651428 | 174.050575 | -107.438479 | 20.065019 | 76.725676 | -173.320786 | 216.921884 | -237.059595 | 185.650781 | -145.823063 | 108.327451 | -107.834574 | 94.462246 | -185.632885 | 154.856934 | -232.349120 | 653.475411 | -1123.035142 | 400.364344 | 266.391714 | -298.275504 | 195.484899 | 25.415038 | -190.576707 | 265.197811 | -288.118194 | 230.081748 | -86.498209 | -65.010257 | 159.173966 | -214.052465 | 256.440257 | -245.059978 | 234.232466 | -183.478779 | 138.724108 | -86.751261 | 47.401824 | -0.635345 | -28.671759 | 60.989012 | -67.178967 | 72.491276 | -64.128220 | 55.299419 | -42.566089 | 24.543002 | 0.142651 | 0.397167
-3.019020 | 9.607365 | -11.759279 | 10.452937 | -15.654108 | 7.054792 | 1.444803 | -14.211151 | 30.415707 | -37.322443 | 63.443966 | -61.065194 | 61.803045 | -20.055609 | -7.545383 | 37.793805 | -76.200836 | 161.172678 | -127.508989 | 141.804376 | -132.447109 | 119.798774 | -101.271151 | 52.625601 | 5.235184 | -112.163834 | 201.330139 | -264.952558 | 246.832433 | -164.738778 | -162.521331 | 395.503909 | -764.371232 | 769.222363 | -271.938450 | -485.469724 | 208.286557 | 145.974878 | 2.606249 | -34.792741 | 32.961122 | 0.020183 | -94.654059 | 152.171299 | -109.992144 | 37.688733 | 13.328703 | -41.737739 | 97.381924 | -83.242330 | 93.427190 | -52.961363 | 29.998186 | -9.425701 | 2.263470 | 12.154958 | -8.804179 | 11.651545 | -2.843488 | -0.872701 | 8.393943 | 0.139601 | -9.899198 | 18.425840 | -23.907703 | 20.743152
-29.011772 | 50.715006 | -35.426293 | 22.027384 | -14.302132 | -9.025305 | 36.074645 | -63.357369 | 87.585089 | -96.780593 | 111.915360 | -78.372824 | 29.538371 | 77.555790 | -173.926242 | 260.970869 | -331.243295 | 395.145598 | -296.307868 | 174.651330 | 9.445682 | -184.031619 | 321.942037 | -373.262730 | 314.339860 | -168.863038 | -21.794804 | 170.854013 | -193.944204 | 14.634153 | 178.258481 | -614.860549 | 773.333804 | -990.567129 | 792.874920 | -89.964133 | -607.477153 | 194.716750 | 394.004000 | -389.617525 | 367.392116 | -327.871906 | 203.897416 | -71.802197 | 20.414785 | 21.823644 | -61.667472 | 113.437635 | -92.265791 | 134.401394 | -120.164164 | 150.319656 | -145.246279 | 125.710101 | -91.193937 | 65.822645 | -26.026568 | -8.995324 | 32.902230 | -52.138203 | 62.629390 | -45.809253 | 22.770242 | 2.548053 | -26.351444 | 25.233276
13.862520 | -20.053189 | 14.396471 | -15.570982 | 5.305848 | 1.802195 | -15.746183 | 37.283400 | -59.795043 | 72.734561 | -48.493333 | 21.250816 | 44.596654 | -105.116873 | 209.001129 | -308.428135 | 371.871032 | -359.898467 | 345.721248 | -244.944909 | 108.727568 | 68.506327 | -209.300677 | 303.453364 | -307.539911 | 266.207222 | -185.859932 | 132.679110 | -119.367602 | 156.778298 | -332.915719 | 363.742791 | -620.540158 | 665.740206 | -772.485141 | 675.639974 | 14.433387 | -641.846880 | 212.373386 | 351.508967 | -288.638672 | 130.877335 | -16.186110 | -48.342802 | 145.544524 | -176.493989 | 176.515767 | -124.882861 | 147.936699 | -104.065411 | 120.227151 | -86.892468 | 76.474090 | -62.116892 | 42.942682 | 3.190269 | -40.786803 | 66.406953 | -100.701232 | 102.633998 | -91.449587 | 79.638562 | -53.943907 | 20.951459 | 19.803266 | -16.814039
-3.423789 | 6.363243 | -2.990957 | -2.685336 | -2.147075 | 4.128824 | -14.480163 | 33.772043 | -61.996563 | 84.420287 | -90.086080 | 99.700185 | -86.227756 | 79.208726 | -23.580117 | -23.764763 | 67.403158 | -82.600163 | 90.170522 | -63.953406 | 19.301776 | 49.854299 | -84.665670 | 83.084632 | 15.901079 | -135.197409 | 302.198149 | -447.957928 | 578.423978 | -652.466986 | 675.214431 | -788.401324 | 719.920062 | -708.368204 | 650.980125 | -545.623292 | 369.617908 | 425.419504 | -1158.128029 | 796.739725 | -284.415156 | 298.463372 | -352.066656 | 408.696757 | -355.256480 | 312.743887 | -252.595567 | 240.951077 | -163.420571 | 150.084892 | -90.822805 | 69.941087 | -24.200609 | -22.658802 | 73.956880 | -94.925229 | 113.983456 | -135.875082 | 120.071183 | -121.525552 | 107.094474 | -82.388504 | 62.117555 | -44.206072 | 42.176212 | -20.741048
-5.093133 | 12.818350 | -22.010552 | 30.083088 | -42.271633 | 44.085900 | -46.615025 | 43.162815 | -42.084955 | 28.451835 | -12.236254 | 4.308167 | 2.198662 | 13.370027 | -3.777083 | 37.915137 | -56.474703 | 78.404351 | -98.998776 | 83.178468 | -45.945861 | -10.057864 | 63.559634 | -92.777277 | 118.758244 | -42.423892 | -92.791120 | 298.883000 | -516.902498 | 746.785596 | -831.918390 | 772.195184 | -626.808214 | 517.812338 | -331.490933 | 303.881931 | -260.675547 | 165.460145 | 542.325178 | -1246.390414 | 839.916525 | -321.841628 | 362.670276 | -358.693310 | 345.952174 | -248.784852 | 147.629443 | -7.232412 | -59.858123 | 128.073860 | -140.551759 | 155.298099 | -142.890522 | 126.859790 | -93.169096 | 82.144473 | -67.884038 | 44.062397 | -47.699894 | 29.961907 | -31.432748 | 33.240291 | -30.594234 | 36.002369 | -46.876181 | 29.111436
29.166846 | -48.692426 | 31.482598 | -25.356723 | 18.891469 | -16.992870 | 4.893879 | 1.344010 | -12.765545 | 9.857706 | -6.371902 | -7.218279 | 29.516405 | -55.876462 | 110.573750 | -107.836194 | 134.471253 | -127.146005 | 65.520783 | -14.975192 | -63.398605 | 116.922122 | -196.820426 | 243.787469 | -231.706477 | 216.323931 | -195.174882 | 195.818728 | -255.449468 | 449.983895 | -581.294125 | 785.157751 | -734.057198 | 785.731790 | -451.080113 | 166.255010 | 222.169621 | -560.008179 | 692.286366 | -171.970257 | -394.251795 | -131.198437 | 740.546914 | -658.829477 | 494.128882 | -314.788786 | 209.882663 | -130.039293 | 112.768763 | -137.433801 | 172.349580 | -190.050175 | 184.794445 | -146.725205 | 109.042362 | -43.396387 | -18.431877 | 66.041595 | -107.334578 | 114.779117 | -123.573881 | 104.109394 | -64.398573 | 25.930797 | 19.798909 | -21.010870
-17.596668 | 17.973418 | 7.584832 | -31.688890 | 60.755386 | -90.524580 | 103.586971 | -116.218782 | 110.367850 | -91.518530 | 39.434019 | 29.196965 | -118.018751 | 201.937538 | -262.234774 | 348.117065 | -321.950366 | 258.695220 | -180.656898 | 11.211431 | 138.985145 | -308.379897 | 342.798615 | -323.739624 | 243.959928 | -159.445562 | 137.951084 | -302.321959 | 664.889846 | -1135.589476 | 1799.419566 | -2138.651676 | 2506.790133 | -2122.845334 | 1728.479430 | -917.120097 | 123.960160 | 562.911050 | -1143.504742 | 1361.893425 | -824.769773 | 241.998816 | -706.224557 | 1175.276269 | -977.877837 | 686.735299 | -380.677191 | 165.257690 | -70.033617 | -8.634451 | 16.328925 | -13.508988 | -0.455375 | 3.813574 | 33.922170 | -77.762966 | 131.810994 | -175.566423 | 213.159671 | -229.884175 | 200.471889 | -169.724496 | 132.203970 | -83.695765 | 53.645526 | -22.043391
-38.468738 | 67.053582 | -68.881711 | 94.032537 | -113.116714 | 132.688820 | -156.183502 | 157.699108 | -136.372786 | 90.034685 | -26.287372 | -71.026181 | 184.355650 | -329.177594 | 461.329163 | -511.615637 | 576.776627 | -540.792987 | 369.892832 | -204.429027 | -25.309291 | 166.263275 | -309.193845 | 298.620286 | -214.906214 | 75.649646 | -26.274552 | 114.358404 | -437.391438 | 1000.663708 | -1468.804211 | 2087.943734 | -2038.453862 | 2080.722572 | -1473.650234 | 923.035023 | -271.154863 | -342.765048 | 734.457487 | -1076.849807 | 1119.272581 | -332.060531 | -415.285875 | -97.813710 | 599.135708 | -411.979999 | 187.839023 | 13.185040 | -225.852824 | 275.480395 | -307.555740 | 283.667096 | -267.906249 | 249.060087 | -224.193583 | 213.425019 | -206.620109 | 214.885340 | -198.947726 | 184.808086 | -183.584055 | 149.370398 | -108.109228 | 75.061108 | -53.452434 | 24.296584
58.440566 | -102.333204 | 84.902220 | -82.880937 | 105.898230 | -126.751461 | 138.761756 | -148.821787 | 157.950190 | -141.498180 | 91.721993 | -14.389618 | -102.215527 | 216.154486 | -356.575470 | 522.458217 | -584.304239 | 600.740725 | -599.602520 | 434.352425 | -247.432023 | -10.220395 | 156.696252 | -260.605730 | 224.397489 | -141.046489 | 38.379603 | -39.546664 | 153.149310 | -335.285052 | 693.543881 | -719.517296 | 982.716545 | -728.790844 | 679.564601 | -373.625194 | 158.411782 | -18.459688 | -174.586249 | 238.369089 | -338.969130 | 359.794603 | 416.201774 | -1222.098423 | 621.643033 | 67.816802 | 6.356270 | -178.828007 | 239.805705 | -354.750770 | 370.787829 | -362.364819 | 299.775796 | -244.513905 | 200.013652 | -167.996086 | 151.265495 | -131.718371 | 135.383067 | -128.025285 | 94.459685 | -80.115455 | 56.979242 | -27.934566 | 1.682054 | 4.666195
-1.377292 | -9.566433 | 33.668343 | -55.898840 | 98.128989 | -131.055858 | 153.428835 | -160.968252 | 164.769869 | -134.102961 | 72.198234 | 20.069642 | -145.595778 | 254.411570 | -368.337317 | 465.092734 | -447.066396 | 349.709890 | -232.938253 | -17.596724 | 246.611281 | -447.081816 | 485.929170 | -408.556592 | 189.527329 | 40.750046 | -165.944701 | 65.156293 | 281.260820 | -780.946570 | 1404.364538 | -1682.273327 | 1917.073231 | -1612.159032 | 1247.821013 | -587.894450 | 31.459886 | 376.437947 | -659.855081 | 699.553379 | -649.021294 | 540.412917 | -421.058006 | 962.666542 | -1476.705433 | 583.757667 | 414.212375 | -601.128830 | 506.845019 | -408.608413 | 253.123303 | -123.527501 | 8.937880 | 31.016339 | -25.413612 | -17.728643 | 78.068935 | -136.363554 | 184.437384 | -209.171401 | 186.060288 | -158.513088 | 104.413061 | -37.870835 | -35.162312 | 34.887916
-78.034113 | 145.349513 | -158.271890 | 219.025615 | -287.764156 | 372.032143 | -451.049324 | 512.423055 | -514.494049 | 451.042051 | -289.377051 | 27.288830 | 322.882922 | -755.763571 | 1185.334147 | -1527.079531 | 1716.062427 | -1657.849907 | 1264.611183 | -671.286565 | -54.537948 | 710.840210 | -1107.198370 | 1107.553039 | -740.271384 | 214.879449 | 184.598534 | -114.428916 | -566.354853 | 1761.460973 | -3065.734021 | 4059.904346 | -4281.039586 | 3706.558375 | -2508.307375 | 1211.836001 | -12.268027 | -791.732267 | 1183.082949 | -1251.974390 | 1099.472163 | -816.149341 | 486.884373 | -180.792382 | 609.846879 | -942.447860 | -160.818760 | 1218.666135 | -1354.742963 | 1188.157771 | -901.687612 | 596.444203 | -361.520526 | 200.906144 | -153.997237 | 193.744022 | -294.130766 | 395.155544 | -487.865325 | 511.658659 | -489.037168 | 392.286072 | -255.350870 | 97.570109 | 62.937568 | -74.110033
78.193330 | -138.063289 | 127.420169 | -159.511769 | 212.102542 | -270.560442 | 331.212329 | -370.527606 | 379.362468 | -336.032018 | 231.797649 | -36.589585 | -248.680615 | 595.659098 | -956.800312 | 1266.480480 | -1466.026402 | 1466.062719 | -1241.527792 | 791.280970 | -187.808775 | -403.386703 | 859.612020 | -1006.515980 | 841.952260 | -412.422122 | 31.367060 | 73.712487 | 329.610917 | -1212.135022 | 2205.038803 | -3121.449945 | 3296.044984 | -2939.937079 | 1880.346466 | -624.667839 | -382.188190 | 979.650992 | -1047.412945 | 866.901145 | -519.554169 | 166.312007 | 127.177329 | -268.021846 | 289.971424 | 577.447871 | -1366.070363 | 470.276994 | 530.662703 | -595.594737 | 530.269162 | -408.928050 | 297.991878 | -242.269859 | 229.498998 | -265.551726 | 315.336333 | -391.537546 | 417.314743 | -439.955497 | 410.894268 | -345.970886 | 254.201475 | -151.346994 | 65.398825 | -18.189598
-11.586419 | 20.837222 | -17.439326 | 7.296952 | -5.513183 | -0.133387 | 14.681850 | -31.060939 | 45.707763 | -78.018648 | 134.909460 | -191.526791 | 252.171087 | -295.566571 | 350.817219 | -421.657642 | 436.901586 | -422.091134 | 416.231499 | -315.040750 | 169.688798 | 58.169133 | -271.792132 | 463.228072 | -522.687988 | 472.547536 | -260.267036 | 85.106826 | -80.339568 | 371.681637 | -1200.806657 | 1843.259933 | -2578.295551 | 2417.689317 | -1904.687075 | 851.747133 | 218.806019 | -893.935512 | 1130.808309 | -734.376862 | 161.010507 | 348.270561 | -607.135796 | 629.021098 | -326.784413 | -203.102389 | 1571.795583 | -2730.489464 | 1921.701106 | -701.749785 | 367.855216 | -120.010392 | -61.306295 | 187.364723 | -270.041881 | 295.413185 | -300.888708 | 261.210381 | -247.050535 | 203.574101 | -169.231887 | 157.910971 | -159.591898 | 187.794773 | -275.683619 | 170.168613
9.916534 | -9.900032 | -2.088067 | 7.342475 | -39.501907 | 76.356917 | -118.763464 | 169.301333 | -235.562585 | 276.916391 | -277.184782 | 248.515078 | -169.670324 | 85.973280 | 36.863547 | -200.174005 | 264.424363 | -222.460498 | 189.715474 | 0.295385 | -197.112946 | 352.383016 | -336.249462 | 158.197133 | 95.142565 | -279.189084 | 331.970693 | -178.078136 | 12.395036 | -108.078944 | 223.653535 | -993.418505 | 1373.380663 | -1906.376459 | 1641.746625 | -1202.380788 | 477.474235 | 164.913442 | -379.064029 | 436.469227 | -176.975718 | -157.761195 | 381.114659 | -395.304868 | 276.377404 | -95.524457 | -278.651325 | 1540.089306 | -2525.933611 | 1506.915810 | -169.607175 | -152.910255 | 316.248793 | -373.442546 | 339.261684 | -272.758172 | 166.755729 | -71.332227 | -24.968898 | 73.821541 | -70.016870 | 49.214200 | 3.063330 | -81.071311 | 208.155820 | -141.578303
53.055145 | -100.808065 | 132.125039 | -204.161556 | 271.969987 | -357.462270 | 437.141629 | -485.530742 | 457.628028 | -351.301384 | 143.265354 | 193.007178 | -623.889144 | 1160.598193 | -1676.586903 | 2002.055926 | -2143.761560 | 2008.375110 | -1373.004994 | 549.611280 | 388.543995 | -1187.631481 | 1635.689478 | -1608.128091 | 1005.844631 | -161.996514 | -513.488129 | 612.359599 | 217.413798 | -2011.434657 | 3844.083449 | -5650.148864 | 6016.942979 | -5453.505077 | 3490.154479 | -1474.875765 | -399.508366 | 1429.649846 | -1477.599228 | 1127.946215 | -551.247682 | 170.596271 | -194.615444 | 468.189344 | -891.571388 | 1146.305984 | -1311.597695 | 1138.435477 | 308.658792 | -1635.150189 | 787.360668 | 307.941289 | -275.066341 | 90.050858 | 104.407886 | -325.388415 | 513.296056 | -648.409700 | 728.819176 | -729.492239 | 694.634125 | -580.698568 | 424.705515 | -274.107282 | 186.500862 | -75.375557
-237.335109 | 442.865241 | -442.911914 | 572.324226 | -773.481376 | 972.604321 | -1147.439069 | 1246.510470 | -1227.728618 | 1017.126064 | -567.334348 | -140.771169 | 1100.190260 | -2172.679628 | 3230.220288 | -4160.229920 | 4611.974124 | -4370.230910 | 3553.407585 | -1982.191046 | 10.066015 | 1891.502463 | -3175.040442 | 3326.862574 | -2482.666853 | 813.336327 | 751.473012 | -1153.477934 | -286.178997 | 3440.735462 | -7781.559959 | 11298.997070 | -12951.384603 | 11555.688298 | -8151.227490 | 3456.801999 | 302.490155 | -2521.496334 | 3131.161591 | -2559.868406 | 1837.369541 | -1459.461716 | 1429.808230 | -1775.797789 | 1975.311606 | -2062.939451 | 1735.694759 | -1217.158257 | 549.341802 | 1257.707628 | -2849.196634 | 1852.437053 | -501.599726 | 391.028867 | -551.796358 | 776.848979 | -1031.098195 | 1277.581426 | -1407.025089 | 1452.926064 | -1323.835829 | 1099.293445 | -816.093435 | 500.916284 | -237.721502 | 79.099390
168.003368 | -305.870202 | 338.876712 | -449.184025 | 580.652797 | -749.533570 | 904.650180 | -1028.603114 | 1065.575430 | -978.191107 | 722.787019 | -292.350019 | -305.846429 | 1059.262629 | -1886.785971 | 2548.996987 | -2977.364736 | 3043.349478 | -2473.981752 | 1483.996373 | -184.080820 | -1154.650562 | 2157.265617 | -2594.009504 | 2031.955197 | -961.516817 | -227.742129 | 845.344915 | -272.911339 | -1641.838099 | 4093.053340 | -6141.047112 | 6841.842379 | -5861.240359 | 3304.946799 | -638.993437 | -1812.542010 | 3010.220943 | -3009.686942 | 2349.379558 | -1469.511693 | 799.675362 | -636.596154 | 569.476708 | -739.697193 | 758.617294 | -828.842766 | 788.503540 | -664.124353 | 340.346689 | 1226.431320 | -2709.196037 | 1472.571643 | 16.112949 | -103.159441 | -96.982702 | 369.625716 | -595.301935 | 798.176677 | -849.811840 | 835.408672 | -707.134064 | 486.437824 | -252.464997 | 62.995266 | 21.387631
79.009724 | -122.279552 | 92.546491 | -83.153347 | 83.486209 | -130.045779 | 186.789226 | -275.189788 | 348.783488 | -386.655916 | 346.672163 | -241.805730 | 42.389660 | 234.433371 | -590.241416 | 874.827524 | -1045.289850 | 1055.156301 | -797.181361 | 424.696200 | -59.200348 | -184.641675 | 200.335475 | -39.702891 | -412.049605 | 641.036801 | -595.038706 | 257.497920 | 230.833326 | -559.772337 | 506.232021 | 234.108240 | -783.383387 | 1028.998002 | -565.756038 | -804.617180 | 2085.185565 | -3008.078962 | 2983.083171 | -1933.472738 | 261.344479 | 1362.343448 | -2518.529415 | 2560.046802 | -1788.580095 | 328.325611 | 1194.771842 | -2507.409120 | 3293.649426 | -3488.696866 | 2870.240577 | -464.292959 | -1923.219031 | 1091.590060 | 223.254109 | -177.023093 | 59.417990 | 24.306637 | -17.627589 | 31.040042 | -18.593592 | 36.089329 | -97.481584 | 191.938329 | -340.428881 | 229.556711
-93.006484 | 175.260231 | -202.224965 | 307.495542 | -476.770479 | 680.300824 | -931.422792 | 1152.833654 | -1347.653432 | 1449.990526 | -1416.854093 | 1153.216948 | -682.892376 | -1.114910 | 754.270910 | -1454.569481 | 1942.343562 | -2094.902782 | 1741.158838 | -958.200401 | -62.134714 | 951.641981 | -1322.926078 | 1064.379760 | -335.044315 | -655.100162 | 1396.181781 | -1652.537217 | 1603.692375 | -1607.029401 | 2439.054218 | -3505.156163 | 5125.760206 | -5898.131325 | 5562.879301 | -3891.714085 | 1256.371911 | 1181.456495 | -2638.424806 | 2704.469082 | -1696.181003 | 210.059143 | 793.349443 | -995.864555 | 207.656014 | 1197.092898 | -2766.909975 | 3967.580898 | -4528.084617 | 4358.601111 | -3671.362512 | 2373.492140 | 720.016704 | -3530.492266 | 2405.118893 | -576.302293 | 321.321953 | -177.708702 | 54.966002 | 44.946748 | -70.020775 | 7.426257 | 152.049286 | -378.201994 | 779.246060 | -519.491909
72.358109 | -189.982208 | 297.535165 | -487.096081 | 722.508112 | -970.069844 | 1205.536493 | -1442.310560 | 1563.519891 | -1557.808334 | 1339.807868 | -938.232057 | 298.398739 | 479.336949 | -1352.638668 | 2209.084332 | -2683.715463 | 2617.430484 | -2146.238802 | 1038.879493 | 287.531114 | -1494.050416 | 2191.997161 | -1874.456858 | 791.801863 | 742.068538 | -1965.047274 | 2353.120214 | -1834.287342 | 1169.537596 | -641.632939 | 1682.928150 | -3653.499688 | 6224.279385 | -7852.003191 | 8027.055098 | -6425.416730 | 3715.571782 | -933.956948 | -1170.505705 | 2064.047807 | -2055.098540 | 1523.901343 | -1050.889289 | 997.025152 | -1327.019769 | 1934.973169 | -2563.096760 | 2982.548418 | -3026.450567 | 2726.560156 | -2227.272445 | 1365.895143 | 1477.401094 | -4057.775480 | 2159.478296 | 376.142313 | -854.251625 | 962.237909 | -933.937769 | 771.058910 | -505.923015 | 198.419914 | 202.989103 | -736.793837 | 513.658518
-158.766207 | 336.678586 | -503.941325 | 762.176697 | -1006.606398 | 1265.515696 | -1411.999208 | 1375.566393 | -1176.154135 | 759.226101 | -186.549520 | -595.279612 | 1449.353198 | -2321.015128 | 3041.867055 | -3263.817181 | 3079.621424 | -2436.955728 | 1014.959197 | 602.549518 | -2339.695780 | 3657.232236 | -3985.649406 | 3385.973132 | -1512.983925 | -762.571176 | 2644.659623 | -3020.691169 | 1093.355570 | 3056.356014 | -7673.712024 | 11217.702776 | -11737.846601 | 9133.926455 | -3282.411683 | -2943.809559 | 7983.289564 | -10316.109373 | 9892.045375 | -7711.656191 | 4940.221688 | -2826.067637 | 1761.369127 | -1592.337222 | 1945.164057 | -2268.745398 | 2392.132125 | -2103.240594 | 1460.658668 | -471.995341 | -517.222826 | 1352.261115 | -1977.419634 | 2075.233222 | 449.684877 | -3065.085277 | 650.271605 | 2299.815845 | -2674.264272 | 2469.007034 | -2129.732437 | 1704.449111 | -1201.985400 | 804.029442 | -634.057549 | 279.239001
502.891397 | -980.725274 | 1066.795367 | -1420.052859 | 1858.663764 | -2114.328984 | 2239.578020 | -2064.509390 | 1479.898158 | -412.145106 | -1142.834034 | 3172.647615 | -5435.099122 | 7584.782258 | -9424.934909 | 10470.715039 | -10214.278817 | 8390.815632 | -5485.932776 | 911.498209 | 4006.104542 | -8519.119845 | 11485.806229 | -11603.940865 | 8682.953294 | -3165.467783 | -2343.020066 | 4204.421860 | 950.715088 | -14325.629579 | 34004.801426 | -53595.662698 | 65020.414790 | -62667.608686 | 48015.822086 | -23466.471687 | -1049.963061 | 18674.923084 | -26058.264183 | 23835.578644 | -16731.969085 | 9189.902508 | -4751.621072 | 4307.680705 | -6960.993742 | 10681.201056 | -13235.594637 | 13819.990346 | -12202.646020 | 8971.155802 | -4807.802730 | 546.610901 | 3049.782871 | -5621.063880 | 6747.821523 | -4034.006224 | 680.067385 | -3155.378452 | 6134.618589 | -5919.764710 | 5134.904917 | -4300.211815 | 3690.597966 | -3323.253473 | 3851.615702 | -2266.765111
-1255.708709 | 2214.853182 | -2108.980722 | 2592.812758 | -3166.515078 | 3914.708083 | -4380.548414 | 4505.452717 | -3911.033905 | 2442.260559 | 121.757605 | -3694.378943 | 8350.286488 | -13614.219097 | 18686.747297 | -22395.675349 | 24133.469037 | -23352.495032 | 18185.025063 | -10203.177993 | 114.188077 | 10070.561770 | -17581.502026 | 20682.991767 | -17361.916086 | 9561.938164 | -1061.307551 | -2099.310573 | -6363.397311 | 28543.484705 | -59135.692522 | 89912.652930 | -108025.975651 | 105566.008047 | -80884.184125 | 45102.912775 | -9034.733618 | -16385.105678 | 26832.007455 | -25382.349227 | 17784.683154 | -10773.924981 | 8128.644217 | -10112.394587 | 14221.620081 | -17993.675630 | 19545.644032 | -18176.658793 | 13720.585323 | -7559.851706 | 1309.394876 | 4373.704450 | -8708.757472 | 11666.396043 | -13179.110853 | 13091.646189 | -8509.081258 | 3378.795507 | -5747.744527 | 9077.168951 | -8338.976754 | 6910.759521 | -5444.795024 | 4311.788497 | -4309.163437 | 2341.671293
510.485183 | -793.314726 | 740.473582 | -887.332960 | 1380.134011 | -2087.244986 | 2956.284599 | -3809.361469 | 4446.422610 | -4747.562172 | 4181.197331 | -2039.021779 | -1104.108306 | 5362.801932 | -10453.470262 | 15921.921099 | -19729.522959 | 20685.634585 | -19542.274324 | 14199.595427 | -6125.519074 | -3367.570404 | 12055.780367 | -16574.505460 | 17506.126590 | -13301.518296 | 7676.093987 | -4262.289011 | 5729.935180 | -13396.144972 | 24943.913757 | -37407.375133 | 44343.843439 | -41256.511916 | 34297.768589 | -21585.144220 | 11423.034179 | -5584.390079 | 3536.248787 | -4816.269830 | 4510.949159 | -2636.449176 | -639.213241 | 4334.844276 | -7427.128974 | 8757.524280 | -7765.158539 | 5062.039942 | -2061.825548 | -825.638312 | 3501.689614 | -5585.219954 | 6933.149758 | -8030.479241 | 8629.373898 | -8934.256143 | 8365.785329 | -2745.080686 | -3558.064016 | -255.700210 | 5241.876214 | -4692.306681 | 3072.424888 | -1221.684028 | -772.046846 | 871.057258
847.589418 | -1441.915843 | 1494.796632 | -1536.197380 | 1592.423859 | -1240.230830 | 349.938463 | 1104.136488 | -2682.527554 | 4650.241965 | -6416.562156 | 7701.221462 | -7579.650405 | 5894.134527 | -3182.275847 | -605.216693 | 5389.847066 | -9578.380537 | 12001.308027 | -11937.465311 | 9655.990383 | -4658.382755 | -468.136215 | 6732.631368 | -10450.052203 | 12397.325560 | -12450.018746 | 9465.382280 | -4632.939207 | -4029.651720 | 13404.909602 | -25173.500151 | 33443.704639 | -35021.413101 | 27390.288641 | -10610.633018 | -7408.847107 | 23272.192673 | -32301.988412 | 33801.405667 | -30483.908561 | 24462.255624 | -19011.815722 | 15658.960918 | -12908.111787 | 12334.146818 | -11390.446624 | 9412.419295 | -8365.243463 | 6122.656883 | -4082.418537 | 3089.133682 | -2645.651323 | 2904.555330 | -4068.423278 | 5257.962393 | -6093.933593 | 5543.121615 | 2292.365465 | -10704.188913 | 5662.058952 | 1350.827944 | -888.376025 | -920.110362 | 3356.114062 | -2405.775946
-1081.077695 | 1484.225949 | -763.064959 | 355.520099 | -330.116878 | 578.251209 | -1556.572191 | 2413.890550 | -3446.102783 | 3931.116351 | -3455.287439 | 2452.686300 | 289.684999 | -4321.399078 | 8101.771198 | -12058.737809 | 13867.481196 | -13846.864559 | 8137.153578 | -328.511678 | -9828.802362 | 20178.576043 | -27540.453723 | 28653.928380 | -23555.689880 | 11007.871910 | 2634.044905 | -12492.873403 | 10483.782632 | 5163.938530 | -32775.447448 | 61798.635929 | -83903.595168 | 86725.856133 | -71188.372912 | 41314.130617 | -6647.987875 | -20750.011877 | 34758.146478 | -38808.482339 | 34347.013242 | -28743.202060 | 24191.222413 | -22577.905018 | 24511.700796 | -24496.505131 | 23150.852088 | -21414.906087 | 16564.852923 | -14064.240917 | 11190.444776 | -8451.618454 | 8234.222486 | -7905.893794 | 8393.003228 | -8399.416880 | 7934.328624 | -6373.057551 | 3919.549441 | 8540.733119 | -22201.085927 | 14667.492804 | -2841.804380 | 1154.203719 | -1183.467465 | 703.292221
6267.547172 | -11760.524133 | 13027.216084 | -17973.735276 | 25882.931815 | -35615.793280 | 44861.576734 | -53444.784369 | 57319.600903 | -54245.964690 | 40317.644092 | -13212.864737 | -26073.548630 | 76262.512893 | -130410.440102 | 177376.291778 | -206569.030861 | 204483.944580 | -166789.469471 | 93933.966748 | 6313.318238 | -108882.849845 | 185489.518365 | -210609.514861 | 176041.775050 | -94404.711207 | 7206.381244 | 31505.653444 | 20936.695150 | -170205.424506 | 382929.745035 | -563541.476586 | 653674.775603 | -596627.960080 | 418105.680214 | -186561.586839 | -16404.093623 | 136272.408989 | -159347.261706 | 119174.689377 | -63504.790168 | 24574.555320 | -21655.687459 | 42684.230772 | -71241.812740 | 91123.680724 | -92923.614432 | 76349.084118 | -48532.191679 | 16096.183456 | 12316.431555 | -33974.134134 | 48292.948163 | -55619.665828 | 58348.553819 | -58309.281654 | 57063.401028 | -54506.976923 | 52642.582079 | -50151.295993 | 61115.530425 | -73485.306616 | 52558.445249 | -24905.125870 | 18254.766721 | -8909.447134
-21811.021065 | 44071.426556 | -54639.800594 | 79466.386744 | -110363.812854 | 141718.891544 | -168072.319736 | 183479.870734 | -178813.990451 | 146308.806474 | -77397.080037 | -28656.974069 | 169120.068528 | -333851.229830 | 496460.286007 | -632722.852912 | 704321.411001 | -685825.387287 | 557374.047862 | -326161.503238 | 32744.418737 | 258186.971295 | -466780.092924 | 528014.061141 | -423120.441555 | 197531.237420 | 24097.420477 | -86771.976451 | -127547.233489 | 619192.713930 | -1257932.053247 | 1810816.549270 | -2020206.371536 | 1815180.911069 | -1252651.262187 | 551808.079002 | 38627.562052 | -360355.697231 | 403197.713607 | -272947.405155 | 110600.379475 | -23385.777234 | 37009.160790 | -123376.415851 | 215752.482782 | -259928.666977 | 235469.754905 | -153237.112843 | 36096.726521 | 79862.799112 | -178775.762818 | 246080.118364 | -277627.086459 | 285578.888409 | -275696.945717 | 256633.921258 | -233780.418939 | 210680.515896 | -186162.361859 | 161369.010531 | -139694.208761 | 140830.541570 | -151269.648105 | 105140.187968 | -55515.485694 | 24952.802417
25290.925900 | -48575.024845 | 53656.112581 | -71049.732900 | 90584.261664 | -107734.178546 | 116790.863064 | -112667.401107 | 94598.207770 | -54673.340499 | -6288.947612 | 84696.751135 | -179349.907506 | 277373.115538 | -371062.898798 | 437269.915893 | -462634.190414 | 444403.094167 | -371742.362305 | 254582.054913 | -114506.997604 | -13048.937382 | 96564.748999 | -110911.810907 | 64510.096128 | 17432.819321 | -75649.031678 | 49347.353511 | 97686.762198 | -354624.836910 | 647467.144660 | -869414.191353 | 946501.736955 | -856766.420467 | 635928.083029 | -392521.625018 | 214544.404697 | -127780.485862 | 114132.447403 | -117529.151112 | 87120.723874 | -19227.494107 | -69376.477521 | 136700.497427 | -142683.592084 | 84466.805898 | 22949.140929 | -151919.653348 | 267564.701497 | -354101.636347 | 394501.116834 | -398277.976755 | 367746.470689 | -322305.445291 | 268214.516490 | -214700.590748 | 167263.519234 | -124216.815300 | 87358.995200 | -53016.894047 | 21530.327196 | 2948.746878 | 32255.238454 | -98407.083563 | -833.644617 | 62184.533682
271105.211242 | -525747.491601 | 608967.847030 | -850067.269942 | 1153424.414544 | -1465606.064653 | 1726839.135562 | -1866930.276633 | 1800442.002964 | -1444872.203634 | 730952.455988 | 368317.844860 | -1814686.879826 | 3482574.818111 | -5151297.214795 | 6507669.520361 | -7215188.638122 | 6970972.214907 | -5624320.459338 | 3259986.291429 | -284757.922856 | -2625241.789975 | 4670110.047770 | -5196300.667590 | 4021104.754840 | -1682091.848596 | -578980.286959 | 1196923.226785 | 987846.366999 | -6026249.655208 | 12525537.893601 | -18097799.894607 | 20435004.933706 | -18473292.088252 | 12942114.907680 | -6026947.598056 | 145962.298702 | 3141193.543028 | -3733689.799839 | 2666404.464414 | -1323267.922501 | 685502.893565 | -967737.280952 | 1785091.531834 | -2518210.691744 | 2693207.818797 | -2162844.287505 | 1081008.010599 | 230142.235662 | -1451943.131608 | 2358115.450728 | -2871946.005774 | 3029010.322832 | -2928014.374000 | 2692430.328150 | -2416323.975023 | 2161480.520817 | -1954663.068918 | 1797122.037864 | -1671757.823112 | 1565039.530827 | -1473134.078451 | 1388974.134565 | -1131096.912746 | 484875.116796 | -27181.916363
383757.898438 | -745745.656250 | 863911.562500 | -1207942.875000 | 1642933.625000 | -2091695.750000 | 2472879.500000 | -2679713.250000 | 2596267.000000 | -2097559.250000 | 1085625.125000 | 483252.125000 | -2555340.250000 | 4951699.250000 | -7348635.000000 | 9306656.000000 | -10328982.000000 | 9981721.000000 | -8035011.500000 | 4622457.500000 | -322054.250000 | -3889908.000000 | 6850609.000000 | -7605787.000000 | 5891918.000000 | -2482940.437500 | -822390.500000 | 1758687.125000 | 1368886.250000 | -8640647.000000 | 18049508.000000 | -26137048.000000 | 29550778.000000 | -26707828.000000 | 18693726.000000 | -8632106.250000 | 63096.000000 | 4746478.000000 | -5623351.500000 | 4055142.000000 | -2061243.000000 | 1068952.250000 | -1420801.750000 | 2580619.000000 | -3645031.500000 | 3931839.000000 | -3213977.500000 | 1697726.000000 | 158220.750000 | -1905103.000000 | 3210658.375000 | -3963005.375000 | 4206731.062500 | -4085884.000000 | 3770394.781250 | -3398353.375000 | 3059422.375000 | -2790688.500000 | 2592314.500000 | -2439778.250000 | 2310885.750000 | -2185690.000000 | 2027263.000000 | -1601386.375000 | 716785.562500 | -81262.593750
